{
  "project_info": {
    "project_number": "82956355736",
    "firebase_url": "https://deepika-c11d9.firebaseio.com",
    "project_id": "deepika-c11d9",
    "storage_bucket": "deepika-c11d9.appspot.com"
  },
  "client": [
    {
      "client_info": {
        "mobilesdk_app_id": "1:82956355736:android:f4c3a9d83b3e4b39",
        "android_client_info": {
          "package_name": "com.example.mydemo"
        }
      },
      "oauth_client": [
        {
          "client_id": "82956355736-kmp8oq7jb4melbd96pfpopgmo468csem.apps.googleusercontent.com",
          "client_type": 3
        }
      ],
      "api_key": [
        {
          "current_key": "AIzaSyAK5sRNR0PL4yg3Bgs0FfIvm7uvc7STwAo"
        }
      ],
      "services": {
        "appinvite_service": {
          "other_platform_oauth_client": [
            {
              "client_id": "82956355736-kmp8oq7jb4melbd96pfpopgmo468csem.apps.googleusercontent.com",
              "client_type": 3
            }
          ]
        }
      }
    }
  ],
  "configuration_version": "1"
}